date,time,ticker,headline,compound
,,AAPL,A New Setting Makes iPhone-to-Android Texting Easier,0.4215
,,AAPL,"Prediction: These 2 Stocks Will Join Nvidia, Meta, Apple, Amazon, and Microsoft in the Trillion-Dollar Club by 2030",0.4404
,,AAPL,"The S&P 500 Just Hit a New High: 2 Stocks to Buy Now, According to These Wall Street Analysts",0.0
,,AAPL,Corporate Insiders Are Sitting Out the 2024 Stock-Market Rally,0.0
,,AAPL,"Is Apple a Buy, Sell, or Hold in 2025?",0.0
,,AAPL,The Hearing Aid Revolution That Wasnt,0.0
,,AAPL,Should You Forget Apple and Buy These 3 Tech Stocks Instead?,-0.2263
,,AAPL,"Apple Inc. (AAPL) Maintains Buy Rating at Bank of America, Initial iPhone 16 Demand Lower Due to AI Feature Delay",-0.6124
,,AAPL,WhatsApp vs. Apple Messages: Which is the better messaging app in 2024?,0.4404
,,AAPL,3 Soaring Stocks I'd Buy Now With No Hesitation,-0.5106
,,AAPL,Silicon Valley: the foundation of innovation,0.3818
,,AAPL,"JPMorgan Maintains Overweight Rating on Apple Inc. (AAPL), Adjusts iPhone Volume Forecast Amid Muted Momentum for iPhone 16 Pro Models",-0.3612
,,AAPL,Apple plans to open four new stores in India,0.0
,,AAPL,Apple Set To Open 4 New Retail Stores In India As Tech Giant Looks To Build On Retail Success,0.5719
,,AAPL,What's Going On With Taiwan Semiconductor Stock On Friday?,0.0
,,AAPL,"What's the Best ""Magnificent Seven"" Stock to Buy With the Fed Cutting Rates?",0.8225
,,AAPL,How Does OpenAI's Price Tag Stack Up to Survivors of the Dotcom Bubble?,0.0
,,AAPL,"Jobless claims data, market volatility, China stocks: Morning Brief",0.0
,,AAPL,Magnificent Seven Stocks: Nvidia Stock Rallies; Tesla Slides,0.5994
,,AAPL,OpenAI Raises $6.6 Billion in Funds at $157 Billion Value,0.34
,,AAPL,"Google to begin organizing some search results using AI, bringing ads to AI Overviews",0.0
,,AAPL,"Google to begin organizing some search results using AI, bringing ads to AI Overview",0.0
,,AAPL,"OpenAI Adds SoftBank, Nvidia As Investors, With AI Model Battle Heating Up",-0.3818
,,AAPL,Microsoft and Nvidia Are Backing OpenAI. Heres One Possible Reason Apple Isnt.,0.0258
,,AAPL,Why investors shouldn't 'give up' on the Mag 7,0.0
,,AAPL,Oura just launched its latest smart ring. Apple and Samsung are coming for it,0.4939
,,AAPL,OEMs want to make B2C sat-to-cell a commercial reality,0.0772
,,AAPL,Is Apple Inc (NASDAQ:AAPL) the Best AI Stock to Buy According to Billionaire Ken Fisher?,0.6369
,,AAPL,"A Few Thoughts on Apple Vision Pro Passthrough, Google Has Juno Pulled From App Store, Microsoft Discontinues HoloLens 2",0.25
,,AAPL,AI iPhone ambivalence: Here's what to know,0.0
,,AAPL,5 ways marketers can master RCS for mobile messaging,0.0
,,AAPL,Klarna becomes official Apple reseller,0.0
,,AAPL,3 Stocks That Could Be Easy Wealth-Builders,0.4404
,,AAPL,"Bank of America Maintains Buy Rating on Apple Inc. (AAPL) with $256 Price Target, Highlights Revenue Potential from AI Integration and Services Strategy",0.0
,,AAPL,Warren Buffett Is Selling Apple Stock and Buying This Magnificent Oil Stock Instead,0.5994
,,AAPL,Are These 2 Moves by Warren Buffett a Warning for Investors?,-0.34
,,AAPL,"Apple Inc. (AAPL) Expected to Unveil Next-Gen Vision Pro Headset Powered by M5 Chip in 2025, Says Analyst Ming-Chi Kuo",0.25
,,AAPL,"Apple Team Reportedly Visits Fire-Hit Vendor Facility In Tamil Nadu, Offers 'Counsel And Advice' To Tata",0.0
,,AAPL,Meta's AR glasses shake up Vision Pro: Apple weighs 5 bold product strategies,0.4404
,,AAPL,Shorter iPhone 16 delivery times spark mixed reactions: Weaker market demand or better supply chain management?,0.1027
,,AAPL,Apple may have a big problem on its hands,-0.4019
,,AAPL,OpenAI Nearly Doubles Valuation to $157 Billion in Funding Round,0.0
,,AAPL,Apple (AAPL) Surpasses Market Returns: Some Facts Worth Knowing,0.2263
,,AAPL,Microsoft wants to change the way you use your PC. It needs to succeed.,0.4939
,,AAPL,Barclays' Tim Long: We anticipate soft demand for iPhone 16,-0.128
,,AAPL,Apple Might Be Launching a New iPhone SE. And It Will Run AI.,0.0
,,AAPL,"Juno, the YouTube app for Vision Pro,  pulled from App Store",0.25
,,AAPL,Apple Inc. (AAPL) Withdraws from Investment Round in AI Startup OpenAI Amid Competition with Microsoft,0.0
,,AAPL,"Apple Plans New Entry-Level iPhone, Report Says. It Will Still Run AI.",0.0
,,AAPL,How PayPal's new CEO is reinventing the firm as it goes beyond payments,0.0
,,AAPL,iPhone 16 Surge vs. Valuation Woes: Can Apple Maintain Its Bullish Run?,-0.4404
,,AAPL,"Apple Preparing New Low-End Phone for Early Next Year, Report Says",0.0
,,AAPL,5 Things to Know Before the Stock Market Opens,0.0
,,AAPL,Apple readies new iPhone SE: Report,0.0
,,AAPL,1 Millionaire-Maker Technology Stock,0.0
,,AAPL,"Apple Plans Latest Entry-Level iPhone, Report Says. What It Means for the Stock.",0.0
,,AAPL,42.4% of Warren Buffett's $315.4 Billion Berkshire Hathaway Portfolio Is Invested in These 2 S&P 500 Dividend Stocks,0.0
,,AAPL,Apple Inc. (AAPL): One of the Most Widely Held Stocks by Hedge Funds,0.0
,,AAPL,Why Arm Holdings Stock Lost 5% on Tuesday,-0.3182
,,AAPL,How to play tech amid recent volatility,0.34
,,AAPL,"A New Month, Another Bout of Stock Market Volatility",0.0
,,AAPL,"Apple readies new iPhone SE, upgraded iPad Air for early next year, Bloomberg News reports",0.0
,,AAPL,"Apple readies iPhone SE, iPad Air upgrades for early next year, Bloomberg News reports",0.0
,,AAPL,Apple Readies New iPhone SE Model That Kills the Home Button,-0.5423
,,AAPL,Apple is being accused of illegally violating workers rights by the U.S. labor board,-0.6908
,,AAPL,"Top Stock Movers Now: APA, Apple, Tesla, and More",0.2023
,,AAPL,Apple Stock Loses Ground as Barclays Warns of 'Softer' iPhone 16 Demand,-0.4939
,,AAPL,Apple Stock Has a Gloomy October Start. Analysts Worry About iPhone Demand.,-0.6124
,,AAPL,Epic Games Starts A New Battle With Google And Samsung,-0.3818
,,AAPL,Why Apple (AAPL) Stock Is Trading Lower Today,-0.296
,,AAPL,"Stocks to Watch Tuesday: Boeing, Apple, Schwab, CVS",0.0
,,AAPL,Klarna opens digital Apple storefront on its platform,0.0
,,AAPL,Apple May Have Cut iPhone 16 Builds By 3 Million. Stock Falls.,-0.2732
,,AAPL,Apple accused by US labor board of imposing illegal workplace rules,-0.7351
,,AAPL,Apple's iPhone 16 availability suggests weak demand: Barclays,-0.5267
,,AAPL,Where Will Apple Stock Be in 5 Years?,0.0
,,AAPL,Microsoft unveils AI updates for Windows PCs,0.0
,,AAPL,Apple Inc. (AAPL) is Attracting Investor Attention: Here is What You Should Know,0.4767
,,AAPL,Apple launches new professional learning resources for teachers and expands global education grant program,0.4404
,,AAPL,A PayPal and Apple Pay rival from the big banks is aiming big,-0.1027
,,AAPL,"Apple may need to turn to China after Indian Tata plant fire, sources say",-0.34
,,AAPL,5 Things to Know Before the Stock Market Opens,0.0
,,AAPL,Apple Stock Is Back Near Record High. New Phone Demand May Be a Factor.,-0.128
,,AAPL,Apple Inc. (AAPL): Is This A Good Stock to Buy for Long Term?,0.4404
,,AAPL,Prediction: 3 Market-Leading Stocks That May Plunge if Donald Trump Wins in November,0.5719
,,AAPL,Dreyfus Closes In on Takeover of Australian Cotton Producer,0.0
,,AAPL,"Australians Boost Spending Spurred by Tax Cuts, Warm Weather",0.34
,,AAPL,The iPhone 16 isnt selling as well as Apple may have hoped,0.1989
,,AAPL,Jim Cramer Hand Picks These 3 Stocks To Ride The Crest Of The Chinese Stimulus Frenzy,0.2263
,,AAPL,Warren Buffett Stocks: What's Inside Berkshire Hathaway's Portfolio?,0.0
,,AAPL,Apple's iPhone 16 Pro Demand Correction In Sight: Analyst Highlights Delivery Trends Across Global Markets,-0.128
,,AAPL,Apple pulls out of OpenAI funding round: WSJ,0.0
,,AAPL,"Apples iPhone 16 hasnt gotten a hot start, analysts estimate, but some still counting on super cycle",0.7469
,,AAPL,How Microsoft's Diverse Growth Justifies Its Valuation,0.3818
,,AAPL,How Nvidias Monster Rally Broke Your Tech ETF,-0.4215
,,AAPL,Apple: iPhone 16 lead times stabilizing - Morgan Stanley,0.0
,,AAPL,Apple (AAPL) iPhone 16 Lead Times Starting to Alarm Wall Street Analysts as Bull Case Cracks,-0.34
,,AAPL,Meta's Orion Smart Glasses Could Be Revolutionary: Is the $2 Trillion Club in its Future?,0.4019
,,AAPL,Was Brad Gerstner Wrong About Apples (AAPL) AI Potential?,-0.4767
,,AAPL,What Nvidia CEO Jensen Huang told the founder of this Google rival after investing in his startup,0.0
,,MSFT,Why Big Tech is racing to be first to get artificial general intelligence,0.4767
,,MSFT,"After Microsoft's Landmark Deal With Constellation Energy, Could This Little-Known Stock Be the Next Big Opportunity in Nuclear Power?",0.6369
,,MSFT,A GE spinoff's stock is surging as it positions itself as the 'supermarket' for AI energy demand,0.1531
,,MSFT,Microsofts AI Story Is Getting Complicated,0.0
,,MSFT,3 Soaring Stocks to Hold for the Next 20 Years,0.0
,,MSFT,"Nvidia's CEO Says Demand for Its New Chips Is ""Insane."" Is It Time to Buy the Stock?",-0.128
,,MSFT,"Nvidia, Microsoft, SoftBank, and Cathie Wood's Ark Invest Are Betting Big on This AI Startup",0.0
,,MSFT,"Prediction: These 2 Stocks Will Join Nvidia, Meta, Apple, Amazon, and Microsoft in the Trillion-Dollar Club by 2030",0.4404
,,MSFT,AI assistants are ratting you out for badmouthing your coworkers,0.0
,,MSFT,Is Microsoft Corporation (MSFT) the Best Stock to Buy According to Billionaire Ray Dalio?,0.6369
,,MSFT,The big winner if OpenAI becomes a for-profit business? Microsoft.,0.5859
,,MSFT,Think It's Too Late to Buy Cameco? Here's the Biggest Reason Why There's Still Time,0.0
,,MSFT,Microsoft Corporation (MSFT)s $13 Billion Bet on AI: OpenAI Becomes Highest Valued Private Company in the U.S.,0.4404
,,MSFT,"The Best Artificial Intelligence (AI) Stock in the S&P 500 to Buy Now, According to Wall Street (Hint: Not Nvidia)",0.8074
,,MSFT,How an OpenAI for-profit transition will benefit Microsoft,0.4588
,,MSFT,"Microsoft will be an early driver of AI agents, says Melius' Ben Reitzes",0.0
,,MSFT,What You Need To Know Ahead of AMD's Advancing AI Event,0.0
,,MSFT,"Lights, Camera, AI: Facebook Parent Meta Announces Its Movie Generator",0.0
,,MSFT,Estate Planning Tips,0.0
,,MSFT,Oracle (NYSE:ORCL) Is Emerging as an AI Winner,0.5859
,,MSFT,Why Is Wall Street Much More Bullish About Nvidia Than Palantir?,0.0
,,MSFT,"What's the Best ""Magnificent Seven"" Stock to Buy With the Fed Cutting Rates?",0.8225
,,MSFT,How Much Will Microsoft Pay Out in Dividends in 2025?,-0.1027
,,MSFT,2 Dividend Growth ETFs That You Can Count on for Recurring Income for Decades,0.3818
,,MSFT,3 Top Artificial Intelligence (AI) Stocks Ready for a Bull Run,0.7506
,,MSFT,"Up More Than 540% in Just 3 Months, Can Lumen Technologies Stock Still Go Higher?",0.0
,,MSFT,This Hidden Microsoft Metric Bodes Well for Nvidia,0.2732
,,MSFT,Why Constellation Energy Stock Surged More Than 30% in September,0.2732
,,MSFT,5 Super Semiconductor Stocks to Buy Hand Over Fist Heading Into 2025,0.7964
,,MSFT,S&P 500 Gains and Losses Today: Oil Stocks Rise as Global Tensions Escalate,-0.4588
,,MSFT,How Does OpenAI's Price Tag Stack Up to Survivors of the Dotcom Bubble?,0.0
,,MSFT,Why Vistra Stock Jumped to Another Record High on Thursday,0.0
,,MSFT,Big Tech's AI-driven nuclear interest to send utilities higher,0.4588
,,MSFT,"Market Cools As New Half-Point Rate-Cut Chances Dim, But 3 Growth Stocks Hit Buy Points (Live Coverage)",0.5859
,,MSFT,What You Need To Know Ahead of Delta's Earnings Next Thursday,0.0
,,MSFT,"Jobless claims data, market volatility, China stocks: Morning Brief",0.0
,,MSFT,"Microsoft Stock Is No Longer A Buy Now; Instead, Keep Watching This Long-Term Moving Average",-0.296
,,MSFT,"Small Caps, Nasdaq, China Stocks Cool Off In Stock Market Today, But 3 Growth Stocks Hit Buy Points (Live Coverage)",0.6187
,,MSFT,Nvidia stock rises as CEO Jensen Huang touts 'insane' chip demand,-0.1531
,,MSFT,The US and Microsoft disrupt a Russian hacking group targeting American officials and nonprofits,0.0
,,MSFT,Constellation Energy eyes taxpayer funds to open Three Mile Island: WaPo,0.2732
,,MSFT,Magnificent Seven Stocks: Nvidia Stock Rallies; Tesla Slides,0.5994
,,MSFT,OpenAI Raises $6.6 Billion in Funds at $157 Billion Value,0.34
,,MSFT,Nvidia stock rises after CEO Jensen Huang touts 'insane' chip demand,-0.1531
,,MSFT,"Small Caps, China Stocks Cool Off As Nasdaq, S&P 500 Ease; Pennant Group, Viking Show Leadership (Live Coverage)",0.5859
,,MSFT,"Small Caps Cool Off As Nasdaq, S&P 500 Ease; Pennant Group, Viking Show Leadership (Live Coverage)",0.5859
,,MSFT,"OpenAI Adds SoftBank, Nvidia As Investors, With AI Model Battle Heating Up",-0.3818
,,MSFT,"Here's Why This Stock Soared 38.8% in September, Making It the S&P 500's Best Performer in 2024",0.6369
,,MSFT,"Exclusive-Rival browsers allege Microsoft's practices on Edge unfair, should be subject to EU tech rules",-0.4767
,,MSFT,Microsoft and Nvidia Are Backing OpenAI. Heres One Possible Reason Apple Isnt.,0.0258
,,MSFT,Why investors shouldn't 'give up' on the Magnificent 7,0.5994
,,MSFT,Multimedia Update -- Microsoft and Rezolve AI Partner to Drive Global Retail Innovation with AI-Powered Commerce Solutions,0.5106
,,MSFT,OpenAI Now Valued at $157B After Latest Funding Round,0.4404
,,MSFT,Is Microsoft Corp (NASDAQ:MSFT) the Best AI Stock to Buy According to Billionaire Ken Fisher?,0.6369
,,MSFT,"A Few Thoughts on Apple Vision Pro Passthrough, Google Has Juno Pulled From App Store, Microsoft Discontinues HoloLens 2",0.25
,,MSFT,Microsoft and Rezolve AI Partner to Drive Global Retail Innovation with AI-Powered Commerce Solutions,0.5106
,,MSFT,Marjorie Taylor Greene Continues Adding to Her Portfolio. Here Are 6 Stocks She Just Bought.,0.0
,,MSFT,Prediction: These 2 Phenomenal Stocks Are Set to Soar,0.0
,,MSFT,Fed Rate Cuts Are Less Urgent After Powell Made Breathing Space. Heres Why and 5 Other Things to Know Today.,-0.1761
,,MSFT,Stock-Split Watch: Is Microsoft Next?,0.0
,,MSFT,Microsoft to boost Italys AI infrastructure with $4.7bn investment,0.4019
,,MSFT,"Microsoft to Invest $4.8 billion on AI, Cloud Infrastructure in Italy",0.0
,,MSFT,Constellation Energy Corporation (CEG) Rallies on Microsoft Nuclear Deal Amid Hedge Fund Criticism of Nuclear Projections for AI Power,-0.2023
,,MSFT,"Microsoft Corporation (MSFT) Plans to Increase Investment in OpenAI Despite Startups Projected $5 Billion Loss This Year, Reports The New York Times",0.0
,,MSFT,OpenAI Nearly Doubles Valuation to $157 Billion in Funding Round,0.0
,,MSFT,Nvidia CEO Jensen Huang Says Demand for Its Chips Is 'Insane',-0.128
,,MSFT,ChatGPT maker OpenAI raises $6.6 billion in fresh funding as it moves away from its nonprofit roots,0.3182
,,MSFT,Microsoft wants to change the way you use your PC. It needs to succeed.,0.4939
,,MSFT,OpenAI raises $6.6B in funding for $157B valuation,0.0
,,MSFT,OpenAIs Latest Funding Round Nearly Doubles Valuation to $157 Billion,0.0
,,MSFT,OpenAI closes $6.6 billion funding haul with investment from Microsoft and Nvidia,0.0
,,MSFT,Microsoft Corporation (MSFT) to Invest $2.7 Billion in Brazil to Boost AI Ecosystem and Infrastructure,0.4019
,,MSFT,Apple Inc. (AAPL) Withdraws from Investment Round in AI Startup OpenAI Amid Competition with Microsoft,0.0
,,MSFT,"Microsoft to make $4.8 billion AI, cloud investment in Italy",0.0
,,MSFT,Microsoft to invest 4.3 billion euros in Italy for AI infrastructure and cloud capacity,0.0
,,MSFT,"Datacentre boom takes a pause, but Malaysia bucks the trend",0.0
,,MSFT,"Microsoft Stock Is A Buy Now, But Monitor Action At These Two Technical Areas",0.0
,,MSFT,Microsoft Corporation (MSFT) Is a Trending Stock: Facts to Know Before Betting on It,0.0
,,MSFT,Microsoft Corporation (MSFT)s AI and Azure Lead Its 15% Revenue Growth: Is It Time to Buy?,0.3818
,,MSFT,1 Millionaire-Maker Technology Stock,0.0
,,MSFT,5 Best Dividend Growth Stocks to Buy in October,0.7783
,,MSFT,Meet the 9 CFOs on Fortunes 2024 Most Powerful Women list,0.4754
,,MSFT,"Meet the Best-Performing Stock in the Entire S&P 500 This Year -- No, It's Not Nvidia",-0.296
,,MSFT,Microsoft Corporation (MSFT): One of the Most Widely Held Stocks by Hedge Funds,0.0
,,MSFT,Malaysia bags another cloud deal from U.S. Big Tech with $6.5 billion pledge from Oracle,0.0
,,MSFT,"Why Microsoft Stock Is A Buy Now, Despite Falling 6 Days In 8 Sessions; Eye This Handle Entry",0.1139
,,MSFT,Oracle to Invest $6.5 Billion in AI and Cloud Infrastructure in Malaysia,0.0
,,MSFT,Microsoft starts paying publishers for content surfaced by Copilot,0.0
,,MSFT,Microsoft releases new AI update for Windows PCs,0.0
,,MSFT,How to play tech amid recent volatility,0.34
,,MSFT,Microsoft brings AI-powered overviews to Bing,0.0
,,MSFT,"Microsoft Copilot can now read your screen, think deeply, and speak aloud to you",0.0
,,MSFT,What You Need To Know About AI Chipmaker Cerebras' IPO Filing,0.0
,,MSFT,"Comfortable, fun, familiar: Why Microsoft is trying to turn its AI chatbot into a digital friend",0.8689
,,MSFT,"Microsoft revamps AI Copilot with new voice, reasoning capabilities",0.0
,,MSFT,Microsoft unveils AI updates for Windows PCs,0.0
,,MSFT,"Microsoft Adds Voice, Vision Features to Consumer AI Assistant",0.25
,,MSFT,"Microsoft Shares Lag as AI Fatigue, High Multiple Curb Rebound",-0.296
,,MSFT,Generation Investment Management Global Equity Strategys Thoughts on Microsoft Corporations (MSFT) ESG Goal,0.0
,,MSFT,Zoom taps Microsoft veteran Chang as finance chief,0.0
,,NVDA,This Artificial Intelligence (AI) Stock Has Exploded in 2024. Is It Still Time to Buy?,0.4767
,,NVDA,A GE spinoff's stock is surging as it positions itself as the 'supermarket' for AI energy demand,0.1531
,,NVDA,"Is This Company an ""Nvidia Killer?"" What to Know About Cerebras' IPO",0.0
,,NVDA,Will Broadcom Be a Trillion-Dollar Stock by 2025?,0.0
,,NVDA,NVIDIA Corp. (NVDA): Hedge Funds Are Bullish On This NASDAQ Stock Right Now,0.0
,,NVDA,What's up with the economy? Insights from Walmart's CEO,0.0
,,NVDA,"Nvidia's CEO Says Demand for Its New Chips Is ""Insane."" Is It Time to Buy the Stock?",-0.128
,,NVDA,Prediction: 2 Stocks That Will Be Worth More Than Nvidia 5 Years From Now,0.2263
,,NVDA,This Could Be the Next Big Artificial Intelligence (AI) Stock Split. Here's Why You Should Buy It Before It Happens.,0.4767
,,NVDA,"Nvidia, Microsoft, SoftBank, and Cathie Wood's Ark Invest Are Betting Big on This AI Startup",0.0
,,NVDA,"Prediction: These 2 Stocks Will Join Nvidia, Meta, Apple, Amazon, and Microsoft in the Trillion-Dollar Club by 2030",0.4404
,,NVDA,This Artificial Intelligence (AI) Stock Could Be the Biggest Gainer of 2024 (Hint: It's Not Nvidia),0.4767
,,NVDA,2 Top Artificial Intelligence (AI) Stocks to Watch in October,0.5994
,,NVDA,"3 Stock-Split Stocks to Buy Before They Soar as Much as 215%, According to Select Wall Street Analysts",0.0
,,NVDA,"Nvidia's AI summit, Tesla's robotaxi, Amazon Prime Day, inflation: What to watch in the markets this week",0.1779
,,NVDA,4 billionaires getting even richer from AI,0.5267
,,NVDA,Palantir Stock vs. Nvidia Stock: Wall Street Says Sell One and Buy the Other,0.0
,,NVDA,Is NVIDIA Corporation (NVDA) the Best Stock to Buy According to Billionaire Ray Dalio?,0.6369
,,NVDA,"Coca-Cola and These 2 Red-Hot Dow Dividend Stocks Are Up 10% to 22% in 3 Months, and They Could Still Be Worth Buying in October",0.2263
,,NVDA,Artificial Intelligence (AI) Spending Is Set to Hit $631 Billion in 2028: 1 Magnificent Stock to Buy Right Now Before That Happens,0.7906
,,NVDA,Nvidia CEO's bombshell raises the bar for the stock,0.0
,,NVDA,"Super Micro Computer's big stock split, Costco rises, and Bitcoin falls: Markets news roundup",0.5994
,,NVDA,Should You Forget Apple and Buy These 3 Tech Stocks Instead?,-0.2263
,,NVDA,Could Nvidia Stock Soar if Kamala Harris Becomes President?,0.0
,,NVDA,Think Nvidia Stock Is Expensive? These 3 Members of the S&P 500 Trade at Even Higher Valuations.,0.0
,,NVDA,"The Best Stocks to Invest $50,000 in Right Now",0.6369
,,NVDA,"NVIDIA Corporation (NVDA)Â Positioned for Growth in Gen-AI Training, Bernstein Analysts Highlight Inference Challenges for Competitors",0.6486
,,NVDA,"The Best Artificial Intelligence (AI) Stock in the S&P 500 to Buy Now, According to Wall Street (Hint: Not Nvidia)",0.8074
,,NVDA,"Nvidia Stock Could Soar Another 561%, According to a Wall Street Analyst",0.0
,,NVDA,Morningstar | A Weekly Summary of Stock Ideas and Developments in the Companies We Cover,0.0
,,NVDA,3 Reasons to Buy Nvidia Stock Before October 7,0.0
,,NVDA,"For Nvidia to continue to work there will be other big winners, says Ark Invest's Cathie Wood",0.4767
,,NVDA,What You Need To Know Ahead of AMD's Advancing AI Event,0.0
,,NVDA,Nvidia Is No Longer The Top S&P 500 Stock In 2024. Meet The New King.,-0.1027
,,NVDA,Is NVIDIA Corp. (NVDA) The Most Active US Stock To Buy Now?,0.4576
,,NVDA,"Nvidia Still Missing, But One Mag 7 Makes This Elite Screen",-0.1531
,,NVDA,"Jensen Huang Was Once Told 'NVIDIA Can Never Be Larger Than A Billion Dollars.' Here's What They Did To Shatter That Ceiling 1,000X Over",0.0
,,NVDA,Silicon Valley: the foundation of innovation,0.3818
,,NVDA,"NVIDIA Corporation (NVDA) CEO Jensen Huang Confirms Full Production of Blackwell AI Chip Amid Insane Demand, JPMorgan Maintains Overweight Rating with $155 Price Target",-0.6908
,,NVDA,Nvidia Stock Rises. Why Todays Hot Jobs Report Is Boosting Chip Makers.,0.34
,,NVDA,Nvidia Nears Trendline Entry As 'Insane' Demand For Blackwell Piles Up; Is Nvidia A Buy Now?,-0.128
,,NVDA,Heres Why ClearBridge Large Cap Growth Strategy is Trimming Nvidia (NVDA),0.3818
,,NVDA,Nvidia's Top Brass Unloaded Significant Stock In 2024 Amid AI Spending and Chip Delays,0.3818
,,NVDA,What's Going On With Taiwan Semiconductor Stock On Friday?,0.0
,,NVDA,"Corporate adoption is turbocharging the AI market, says top tech analyst",0.2023
,,NVDA,Better Artificial Intelligence (AI) Stock: Palantir vs. Nvidia,0.7184
,,NVDA,Nvidia Stock Edges Up. Why This Move May Be More Crucial Than the OpenAI Deal.,0.0
,,NVDA,Cisco to invest in CoreWeave at $23bn valuation,0.0
,,NVDA,"2 Magnificent Stocks That Turned $20,000 Into $4.5 Million in 10 Years",0.5994
,,NVDA,Why Is Wall Street Much More Bullish About Nvidia Than Palantir?,0.0
,,NVDA,"What's the Best ""Magnificent Seven"" Stock to Buy With the Fed Cutting Rates?",0.8225
,,NVDA,Processors and Graphics Chips Stocks Q2 Results: Benchmarking Allegro MicroSystems (NASDAQ:ALGM),0.0
,,NVDA,2 Unstoppable Vanguard ETFs to Buy With $500 and Hold Forever,-0.2023
,,NVDA,3 Top Artificial Intelligence (AI) Stocks Ready for a Bull Run,0.7506
,,NVDA,"Nvidia's 'insane' chip demand, OpenAI's big money, and Google's next move: AI news roundup",-0.128
,,NVDA,"2 ""Magnificent Seven"" Stocks to Buy Before They Soar as Much as 71% According to Select Wall Street Analysts",0.5994
,,NVDA,This Hidden Microsoft Metric Bodes Well for Nvidia,0.2732
,,NVDA,1 Spectacular ETF That Can Help You Capitalize on the Artificial Intelligence (AI) Boom,0.7003
,,NVDA,5 Super Semiconductor Stocks to Buy Hand Over Fist Heading Into 2025,0.7964
,,NVDA,Dividend and China Funds Come Roaring Back as Nvidia Stalls,0.0
,,NVDA,Dividend Funds and China Come Roaring Back as Nvidia Stalls,0.0
,,NVDA,These AI Stocks Are Just as Hot as Nvidia. Dont Get Burned.,0.0
,,NVDA,Cisco Nears Investment in CoreWeave at $23 Billion Valuation,0.0
,,NVDA,Nvidia Stock Rises. Its OpenAI News Is Driving Shares.,0.296
,,NVDA,How Helene damage in one town could disrupt the chip sector,-0.4939
,,NVDA,How Does OpenAI's Price Tag Stack Up to Survivors of the Dotcom Bubble?,0.0
,,NVDA,Why Vistra Stock Jumped to Another Record High on Thursday,0.0
,,NVDA,Heard on the Street: OpenAIs Funding Means More Big Checks for Chips,0.0
,,NVDA,"3-Stock Lunch: Nvidia, Levi Strauss",0.0
,,NVDA,Nvidia shares pop as CEO touts high Blackwell demand,0.1531
,,NVDA,"Midday stock movers: Nvidia, AMD, Levi Strauss",0.0
,,NVDA,"Stocks to Watch Thursday: Levi Strauss, Hims & Hers, Constellation Brands, Nvidia",0.0
,,NVDA,"Nvidia Stock Rallied (Again) Today, but Is Still 10% Off Its All-Time High. Is the Stock Still a Buy?",0.0
,,NVDA,"Jobless claims data, market volatility, China stocks: Morning Brief",0.0
,,NVDA,"Final Trades: Nvidia, Trade Desk Inc and CME Group.",0.0
,,NVDA,Nvidia stock rises after Jensen Huang says demand for its new AI chips is 'insane',-0.128
,,NVDA,Nvidia stock rises as CEO Jensen Huang touts 'insane' chip demand,-0.1531
,,NVDA,Magnificent Seven Stocks: Nvidia Stock Rallies; Tesla Slides,0.5994
,,NVDA,OpenAI Raises $6.6 Billion in Funds at $157 Billion Value,0.34
,,NVDA,Nvidia stock rises after CEO Jensen Huang touts 'insane' chip demand,-0.1531
,,NVDA,Veteran trader targets Nvidia as shares slide,0.296
,,NVDA,"Why Nvidia and TSMC Stocks Just Popped, but Intel Dropped Today",0.0
,,NVDA,Nvidia stock surges as CEO touts insane demand for new Blackwell AI chips,-0.5106
,,NVDA,Nvidia CEO calls Blackwell AI chip demand 'insane': CNBC,-0.128
,,NVDA,"OpenAI Adds SoftBank, Nvidia As Investors, With AI Model Battle Heating Up",-0.3818
,,NVDA,Microsoft and Nvidia Are Backing OpenAI. Heres One Possible Reason Apple Isnt.,0.0258
,,NVDA,Why investors shouldn't 'give up' on the Mag 7,0.0
,,NVDA,"Nvidia Leaps, Follows Microsoft, Tesla's Musk With $100 Mil. Stake In ChatGPT Maker; Is Nvidia A Buy Now?",0.0
,,NVDA,Every Super Micro Computer Stock Investor Should Keep an Eye on This Number,0.6369
,,NVDA,"Is Advanced Micro Devices, Inc (NASDAQ:AMD) the Best AI Stock to Buy According to Billionaire Ken Fisher?",0.7351
,,NVDA,Is Nvidia Corp (NASDAQ:NVDA) the Best Ken Fisher Stock to Buy Now?,0.6369
,,NVDA,"Want $1,000 in Dividend Income? Here's How Much You'd Have to Invest in Nvidia Stock",0.0772
,,NVDA,Unsure Which AI Stock to Buy? Check Out This ETF That Has Crushed the Market This Year.,-0.5859
,,NVDA,Watch These Nvidia Stock Price Levels After CEO Cites 'Insane' Demand for AI Chips,-0.128
,,NVDA,Nvidia Insider Share Sales Top $1.8 Billion and More Are Coming,0.4588
,,NVDA,"This Incredibly Cheap Tech Stock Has Crushed Nvidia in the Past 3 Months, and It Is Still a Solid Buy",-0.296
,,NVDA,Beyond Nvidia: 2 Spectacular Growth Stocks Billionaires Can't Stop Buying,0.5405
,,NVDA,Should You Buy Nvidia Before Oct. 7?,0.0
,,NVDA,Spotting Winners: AMD (NASDAQ:AMD) And Processors and Graphics Chips Stocks In Q2,0.4767
,,NVDA,Wall Street's Newest Artificial Intelligence (AI) Stock Split Has Arrived -- and It's Following in the Footsteps of Nvidia and Broadcom,0.4767
,,TSLA,"The Smartest Electric Vehicle (EV) Stocks to Buy With $1,000 Right Now",0.6124
,,TSLA,The Two Types of Self-Driving Tech Every Investor Should Know About,0.0
,,TSLA,How to Play the Next Big Thing: the Rise of Tesla's Robotaxi,0.34
,,TSLA,What To Expect in the Markets This Week,0.0
,,TSLA,Prediction: 2 Stocks That Will Be Worth More Than Nvidia 5 Years From Now,0.2263
,,TSLA,"Nvidia's AI summit, Tesla's robotaxi, Amazon Prime Day, inflation: What to watch in the markets this week",0.1779
,,TSLA,Why Teslas Wall Street Valuations Are All Over the Place,0.0
,,TSLA,"Elon Musk, AI and start of earnings season will jolt markets",0.0
,,TSLA,1 Wall Street Analyst Thinks Tesla Stock Is Going to $310. Is It a Buy?,0.0
,,TSLA,"Tesla Stock: Buy, Sell, or Hold?",0.0
,,TSLA,"Tesla's Cybertruck win, Hertz's EV headache, Trump and Musk tout Starlink: Tech news roundup",0.5106
,,TSLA,"Mark Cuban vs. Elon Musk on Trump, and Mark Zuckerberg passes Jeff Bezos: Leadership news roundup",0.0
,,TSLA,Can robotaxis turn a profit? Experts skeptical as Tesla prepares to unveil plans.,0.1531
,,TSLA,"Tesla, Google, Amazon: Inside the robotaxi market",0.1779
,,TSLA,Is Tesla Stock a Buy?,0.0
,,TSLA,"Tesla Risks Doing Something It Hasn't Done Since Launching the Model S, and It Could Trigger a Big Move in Its Stock",-0.2732
,,TSLA,An $803-billion company most people have never heard of just knocked Tesla out of the Magnificent 7,0.5994
,,TSLA,Where Will Tesla Be in 5 Years?,0.0
,,TSLA,Cathie Wood talks OpenAI investment and Tesla's robotaxi,0.0
,,TSLA,Tesla Forges New Buy Point With Robotaxi Due; BYD Stock Keeps Soaring On Sales Boom,0.0
,,TSLA,Tesla Stock Rises. Another Cybertruck Recall Isnt Hurting.,0.3089
,,TSLA,Is Tesla Stock A Buy Or A Sell With All Eyes On The Robotaxi Event Next Week?,0.0
,,TSLA,How Mark Zuckerberg gained more wealth than anyone else this year to become the worlds second-richest person,0.7264
,,TSLA,Tesla stock had a rough week  here's what's next for the EV maker,0.0
,,TSLA,Is Tesla Inc. (TSLA) The Most Active US Stock To Buy Now?,0.4576
,,TSLA,"Tesla (TSLA) Shares Skyrocket, What You Need To Know",0.296
,,TSLA,"Day Trader Says He Made $306 Million on Tesla, Then Lost It All",-0.3182
,,TSLA,Are Tesla robotaxis really coming soon? Elon Musk's lawyers don't seem to think so,0.0
,,TSLA,"Tesla CIO Quits Before Major Robotaxi Event, Exec Departures Continue in 2024",0.0
,,TSLA,"EU Approves Tariffs on Chinese EVs, Risking Beijing Retaliation",0.1027
,,TSLA,"Walter Isaacson on the AI tech race, xAI vs. OpenAI and Elon Musk's mission",0.0
,,TSLA,Is Rivian Stock A Buy With The CEO Selling And The EV Startup Cutting 2024 Guidance?,-0.128
,,TSLA,Mark Cuban says this is the one thing he respects most about Elon Musk,0.3182
,,TSLA,Elon Musk predicts Tesla cars will be able to self-drive an entire year on their own,0.0
,,TSLA,"Rivian's Production Forecast Hits Bump, Supply Shortage Sends Shares Tumbling",0.0516
,,TSLA,Elon Musk Reportedly Already Moved X Headquarters From San Francisco To This Little-Known Location,0.0
,,TSLA,"What's the Best ""Magnificent Seven"" Stock to Buy With the Fed Cutting Rates?",0.8225
,,TSLA,Robotaxis Cant Be a Solo Act,0.0
,,TSLA,"Stellantis gets worse, Tesla's Cybertruck win, Nissan's deep trouble, and EV myths: Autos news roundup",-0.25
,,TSLA,Prediction: 2 Stocks That'll Be Worth More Than Tesla 10 Years From Now,0.2263
,,TSLA,Tesla Robotaxi Day Is a Make or Break Moment for Elon Musk,0.0
,,TSLA,"Analyst Report: Tesla, Inc.",0.0
,,TSLA,How Does OpenAI's Price Tag Stack Up to Survivors of the Dotcom Bubble?,0.0
,,TSLA,"Tesla Stock Is Down Again Today. This Time, It Isnt About Deliveries.",0.0
,,TSLA,"Tesla stock slips on debt sale, Cybertruck recall reports",-0.3612
,,TSLA,"These Stocks Moved the Most Today: EVgo, Levi Strauss, Humana, Hims & Hers, Nvidia, Tesla, Vistra, and More",0.0
,,TSLA,Tesla Third-Quarter Deliveries Are Done. Now It's Robotaxi Time For Investors.,0.0
,,TSLA,Elon Musk's big Tesla robotaxi reveal is finally almost here. It's been a long time coming,0.0
,,TSLA,"Tesla doesn't need the pressure from port strikes, says Roth MKM's Craig Irwin",-0.1561
,,TSLA,"Why Tesla and Polestar Stocks Soared, but Nikola Plunged in September",0.0
,,TSLA,"These Stocks Are Moving the Most Today: EVgo, Levi Strauss, Humana, Hims & Hers, Nvidia, Tesla, Vistra, and More",0.0
,,TSLA,"Tesla plans $800 million debt sale backed by prime leases, Bloomberg News reports",-0.34
,,TSLA,"Jobless claims data, market volatility, China stocks: Morning Brief",0.0
,,TSLA,Tesla Plans $783 Million Debt Sale Backed by Prime Leases,-0.34
,,TSLA,Why Tesla (TSLA) Shares Are Plunging Today,0.296
,,TSLA,"Calls of the Day: Tesla, Eli Lilly and Bank Of America",0.0
,,TSLA,"Teslas Cybertruck is falling apart, but is still leaving the shelves",-0.0772
,,TSLA,Magnificent Seven Stocks: Nvidia Stock Rallies; Tesla Slides,0.5994
,,TSLA,"Tesla Recalls 27,185 Cybertruck Vehicles Over Rearview Camera Delay",-0.3182
,,TSLA,Elon Musk Paid $1 Million For A 1976 Car That Inspired Cybertruck's Design  Seller Originally Bought It For Just $100 In A Storage Unit Sale,0.4939
,,TSLA,"Top Stock Movers Now: Constellation Brands, Tesla, Stellantis, and More",0.2023
,,TSLA,"Tesla, Costco, Bank of America: 3 stocks in focus",0.0
,,TSLA,"Tesla Recalls Over 27,000 Cybertrucks Over Rearview Camera Issue",0.0
,,TSLA,"Theres another Tesla Cybertruck recall, this time affecting over 27,000 units",0.0
,,TSLA,"Tesla Bull Sees 'Breadcrumbs' From Elon Musk On EV Giant's Potential Entry Into Aviation Segment, Says It Could Boost Tesla Stock By This Much",0.4019
,,TSLA,"Tesla plans four new batteries in 2026, including for robotaxi: The Information",0.0
,,TSLA,"Tesla plans four new batteries in 2026, including for robotaxi, The Information reports",0.0
,,TSLA,Swedish union files lawsuit against Tesla over labour conflict,-0.4939
,,TSLA,Why investors shouldn't 'give up' on the Magnificent 7,0.5994
,,TSLA,"Ford, GM And Hyundai Are Adapting Differently To The Evolving EV Dynamics",0.2732
,,TSLA,Tesla just killed its cheapest car,-0.6705
,,TSLA,Tesla Cybertruck sales doubled in just a few months,0.0
,,TSLA,"Tesla recalls 27,000 Cybertrucks due to a rearview camera issue",0.0
,,TSLA,Investor expectations into Tesla's Robotaxi event 'relatively muted' - Canaccord,0.0
,,TSLA,"A 5th recall for Tesla Cybertruck within a year, the latest due to rearview display",0.0
,,TSLA,Tesla doubled its Cybertruck sales in just three months,0.0
,,TSLA,Tesla stock target raised at Truist on lower rates,-0.296
,,TSLA,Fed Rate Cuts Are Less Urgent After Powell Made Breathing Space. Heres Why and 5 Other Things to Know Today.,-0.1761
,,TSLA,"Uber, Lyft drivers use Teslas as makeshift robotaxis, raising safety concerns",0.4215
,,TSLA,"Tesla recalls more than 27,000 Cybertrucks to fix rear-view camera delay",-0.3182
,,TSLA,Tesla's website shows most affordable Model 3 variant discontinued in US - Reuters,0.0
,,TSLA,"With Deliveries Done, This Is the Next Key Thing for Tesla Stock",0.0
,,TSLA,The State of Autonomous Vehicle Development,0.0
,,TSLA,Tesla's Energy Storage Segment Hits New Milestone: Installs 750K Powerwalls Worldwide,0.2732
,,TSLA,Tesla analysts update views after Q3 deliveries,0.0
,,TSLA,"Analyst Report: Tesla, Inc.",0.0
,,TSLA,Tesla Falls On Deliveries While BYD Stock Keeps Soaring On Sales Boom,0.0
,,TSLA,Tesla Missed High Sales Expectations. Will Robotaxi Also Disappoint?,-0.5994
,,TSLA,"Tesla discontinues US orders for most affordable Model 3 variant, its website shows",0.0
,,TSLA,"Tesla unlikely to grow sales, Robotaxi success faces rocky road; Bernstein says",0.5719
,,TSLA,An Economic Revolution Is Arriving,0.0
,,TSLA,What Tesla's upcoming robotaxi event means for investors,0.0
,,TSLA,Tesla Reports First Rise in Quarterly Deliveries This Year,0.0
,,TSLA,"These Stocks Moved the Most Today: Humana, Nike, Tesla, Conagra, Joby Aviation, Caesars, and More",0.0
,,TSLA,"Stocks to Watch Wednesday: Tesla, Humana, Nike, Joby Aviation",0.0
,,TSLA,Heres Why Tesla Stock Is Down After Solid Delivery Numbers,0.1531
,,TSLA,Tesla's Q3 deliveries don't matter in big picture: Analyst,-0.0191
,,TSLA,Tesla stock drops 3% after Q3 deliveries fall short of estimates,0.0
,,TSLA,September Brings New Records For Chinese EV Makers,0.0
,,TSLA,"These Stocks Are Moving the Most Today: Humana, Nike, Tesla, Conagra, Joby Aviation, Caesars, and More",0.0
,,CVS,Does This New Development Make CVS Stock a Buy or a Sell?,0.0
,,CVS,Billionaire Investor Pushes for Changes at CVS. Is Now the Time to Buy the Stock?,0.0
,,CVS,5 things: Is CVS starting to crumble?,0.0
,,CVS,Midday stock movers: Spirit Airlines drops; Rivian down; CVS up,0.1779
,,CVS,An Activist Investor Is Interested in CVS; We Take a Look,0.4019
,,CVS,"CVS Stock Can Gain 35% From Here, Analyst Says. Heres How.",0.5267
,,CVS,CVS Health upgraded at TD Cowen after insurer unveils 2025 Medicare Advantage plan,0.25
,,CVS,"The pharmacy benefit management sector just might be set for a VC-backed shakeup, says Rightway CEO and cofounder Jordan Feldman",0.34
,,CVS,"Texas sues major PBMs, pharma companies over high insulin prices",0.0
,,CVS,"Ozempic for all, Zepbound is back, and the top CEO pay: Pharma news roundup",0.1027
,,CVS,Why the Market Dipped But CVS Health (CVS) Gained Today,0.5267
,,CVS,CVS Health Corporation (CVS): Ensuring Healthcare Access During Natural Disasters,0.0
,,CVS,"Texas Attorney General Sues Insulin Manufacturers and Pharmacy Benefit Managers Over Price-Fixing Conspiracy That Increased Prices by 1,000%",0.1779
,,CVS,"CVS Is Sickly, Unlike UnitedHealth. We Get to the Bottom of the Problem.",-0.4019
,,CVS,Heres Why CVS Health Corporation (CVS) Reported Disappointing Performance in Q2,-0.4939
,,CVS,FARE and CVS Pharmacy continue to partner on Teal Pumpkin Project for a more inclusive Halloween,0.0
,,CVS,Key CVS Health Stock Price Levels to Watch,0.0
,,CVS,Humana stock slides on lower ratings for its Medicare Advantage plans,-0.0516
,,CVS,CVS trades higher as activist investor denies push to split the company,-0.4215
,,CVS,"Israel, Iran Conflict Tests Market Rally. Why China Could Be a Key Indicator and 5 Other Things to Know Today.",-0.3182
,,CVS,A CVS Breakup Is No Easy Fix for Its Problems,-0.25
,,CVS,"These Stocks Moved the Most Today: APA, Northrop, Boeing, Super Micro, HP Inc., Tesla, Li Auto, CVS, Ford, and More",0.5994
,,CVS,"CVS, Considering a Breakup, Will Find Its Hard to Do",-0.1027
,,CVS,"CVS Management, Board Have Been Weighing Options for Months",0.0
,,CVS,"Report: CVS Health exploring possible break-up; laying off nearly 3,000 employees",0.0
,,CVS,"These Stocks Are Moving the Most Today: APA, Northrop, Boeing, Super Micro, HP Inc., Tesla, Li Auto, CVS, Ford, and More",0.5994
,,CVS,CVS is weighing a breakup. What does it mean for the big healthcare business?,0.0
,,CVS,"Stocks to Watch Tuesday: Boeing, Apple, Schwab, CVS",0.0
,,CVS,"CVS will cut almost 3,000 jobs as it plans AI investments  and considers breaking up",-0.2732
,,CVS,"CVS Health to lay off nearly 2,900 employees in cost-cutting push",0.0
,,CVS,"CVS to lay off 2,900 workers amidst talk of breaking up the company",0.0
,,CVS,A CVS Breakup Could Be Good for Investors,0.4404
,,CVS,CVS Health Business Model Is Under Attack  By CVS Board,-0.4767
,,CVS,"CVS conducts strategic business review, plans for layoffs: WSJ",0.0
,,CVS,"CVS Stock Is Rising. A Potential Breakup Looms, Reports Say.",-0.1531
,,CVS,"CVS Health to lay off nearly 3,000 workers in cost-cutting drive",0.0
,,CVS,"CVS Mulling Breakup of Retail, Insurance Units, Reports Say",0.0
,,CVS,CVS Health Mulls Split Of Retail And Insurance Divisions To Address Financial Challenges: Report,0.0772
,,CVS,Health insurers unveil Medicare Advantage plans for 2025,0.25
,,CVS,Aetna 2025 Medicare plans focus on most important health needs for members,0.2716
,,CVS,5 Things to Know Before the Stock Market Opens,0.0
,,CVS,"CVS Health mulling options, including possible break-up - Reuters",0.0
,,CVS,Whats News: Business & Finance,0.0
,,CVS,CVS Board Conducts Strategic Review of Company,0.0
,,CVS,"Exclusive-CVS explores options including potential break-up, sources say",0.0
,,CVS,"CVS is exploring a potential break-up of its retail and insurance units, sources say",0.0
,,CVS,CVS Health in Focus as Activist Investor Prepares for High-Level Talks,0.0
,,CVS,S&P 500 Gains and Losses Today: Late Rally Lifts Index to Record To Close Out Q3,-0.0772
,,CVS,Is CVS Health Corporation (CVS) the Cheapest Reliable Stock to Invest in?,0.0
,,CVS,Is CVS Health Corporation (CVS) the Cheapest Retail Stock to Buy According to Analysts?,0.0
,,CVS,California CVS workers could be headed for a strike over contract negotiations,-0.128
,,CVS,CVS Health shares rise as hedge fund pushes for change,0.296
,,CVS,CVS Health Stock Is Today's Biggest S&P 500 Gainer. Here's Why,0.0
,,CVS,CVS Health Stock Gains on Report of Planned Meeting With Glenview Capital,0.34
,,CVS,"Midday stock movers: Nvidia, CVS Health, Carnival",0.0
,,CVS,CVS Health gets activist push from Glenview Capital: WSJ,0.0
,,CVS,CVS Stock Is the Best Performer in the S&P 500. An Activist Wants Changes.,0.6369
,,CVS,Glenview Capital Plans Push for Changes at CVS,0.0
,,CVS,CVS Stock Is Rising. An Activist Wants Changes.,0.0
,,CVS,Glenview Capital to push CVS Health to make changes - Wall Street Journal,0.0
,,CVS,"Glenview to meet top CVS execs, propose operational improvements, WSJ reports",0.4767
,,CVS,CVS Health Corporation (CVS) is Attracting Investor Attention: Here is What You Should Know,0.4767
,,CVS,Target's underdog CEO is aiming for another bull's-eye as he writes his final chapter,0.0
,,CVS,CVS Health (CVS) Ascends While Market Falls: Some Facts to Note,0.0
,,CVS,CVS Health Corporation (CVS): Hedge Funds Are Bullish On This Health Insurance Stock Now,0.0
,,CVS,Canadas Pharmaprix will launch more care clinics in stores,0.5413
,,CVS,"CVS Health supporting customers, patients, members and colleagues as Hurricane Helene approaches",0.4404
,,CVS,Novo Nordisk CEO grilled by Senate committee over GLP-1 prices,0.0
,,CVS,"Are CVS Health, Cigna, and UnitedHealth Group Stocks Bad News Buys With the FTC's PBM Crackdown?",-0.5423
,,CVS,Push to unionize U.S. pharmacies gets boost in Redlands,0.4019
,,CVS,Jim Cramer Does Not Like CVS Health (CVS)  Heres Why,-0.2755
,,CVS,Is CVS Health Stock a Buy?,0.0
,,CVS,"FTC sues CVS, Cigna, UnitedHealth over rising insulin prices",0.0
,,CVS,"FTC Sues PBMs Over Insulin Prices, Citing a Perverse System",-0.4215
,,CVS,"CVS, Cigna, UnitedHealth Stocks Fall After FTC Sues Pharmacy Benefit Managers",0.4588
,,CVS,FTC Accuses Drug Middlemen of Inflating Insulin Prices,-0.34
,,CVS,"US Federal Trade Commission Sues CVS Health, Cigna, UnitedHealth's Pharmacy Benefit Managers For Inflating Insulin Prices",0.4588
,,CVS,CVS Health (CVS) Stock Sinks As Market Gains: What You Should Know,0.34
,,CVS,CVS Subsidiary Oak Street Health Agrees to $60M Settlement in Medicare Kickback Violations,-0.3818
,,CVS,CVS Health announces quarterly dividend,0.0
,,CVS,CVS Health Corp. (CVS): Among the Best Fortune 500 Stocks to Buy Now,0.6369
,,CVS,Oak Street Health pays $60M to settle allegations of kickback scheme,0.0
,,CVS,4 Dividend Stocks to Double Up On Right Now,0.0
,,CVS,Is CVS Health (CVS) a Buy as Wall Street Analysts Look Optimistic?,0.3182
,,CVS,Novavax announces availability of Covid-19 vaccine in US pharmacies,0.0
,,CVS,California may regulate and restrict pharmaceutical brokers,-0.3818
,,CVS,CVS Health (CVS) Rises Higher Than Market: Key Facts,0.0
,,CVS,CVS Health Corporation (CVS) Is a Trending Stock: Facts to Know Before Betting on It,0.0
,,CVS,CVS Pharmacy launches birth control prescribing in Massachusetts,0.0
,,CVS,"CVS Health supporting customers, patients, members and colleagues as Tropical Storm Francine approaches",0.4404
,,CVS,Limits to anti-nausea pill coverage wear on cancer patients and doctors,-0.6597
,,CVS,Why Is CVS Health (CVS) Up 0.4% Since Last Earnings Report?,0.0
,,CVS,"Got $5,000? These 3 High-Yielding Dividend Stocks Are Trading Near Their 52-Week Lows",-0.2023
,,CVS,Is CVS Health Corporation (CVS) The Best Beaten Down Dividend Stock to Invest in Now?,0.34
,,CVS,Analyst Report: CVS Health Corporation,0.0
,,CVS,10 Best Mid-Cap Healthcare Stocks To Buy Now,0.6369
,,CVS,2 Magnificent Stocks to Buy That Are Near 52-Week Lows,0.4767
,,CVS,"'My kids go to Costco now,' and other reasons Rite Aid, Walgreens and CVS are hurting",-0.4019
,,CVS,Brokers Suggest Investing in CVS Health (CVS): Read This Before Placing a Bet,0.0
,,CVS,Investors Heavily Search CVS Health Corporation (CVS): Here is What You Need to Know,0.0
